{
  "objective": "barlow",
  "seed": 0,
  "num_classes": 100,
  "linear_probe_accuracy": 0.07599999755620956,
  "retrieval_top1_accuracy": 0.03799999877810478,
  "retrieval_top5_accuracy": 0.1120000034570694,
  "train_time_s": 99.52982354164124,
  "chance_probe": 0.01,
  "chance_top1": 0.01,
  "chance_top5": 0.05
}