{
  "objective": "barlow",
  "seed": 0,
  "vocab_size": 3476,
  "n_train_images": 6000,
  "n_test_images": 1000,
  "retrieval_pool_size": 5000,
  "recall_at_1": 0.014,
  "recall_at_5": 0.047,
  "recall_at_10": 0.094,
  "train_time_s": 106.95181179046631,
  "train_loss_final": 14.219947158649404
}