{
  "objective": "barlow",
  "seed": 2,
  "vocab_size": 3476,
  "n_train_images": 6000,
  "n_test_images": 1000,
  "retrieval_pool_size": 5000,
  "recall_at_1": 0.012,
  "recall_at_5": 0.054,
  "recall_at_10": 0.103,
  "train_time_s": 108.65067338943481,
  "train_loss_final": 14.700858044367964
}